{"total_episodes": 278, "episode_rewards": [39.28113293647766, 40.54313838481903, 38.58171588182449, 40.54659419879317, 42.21504798531532, 43.66040949523449, 42.09645916521549, 46.81553375720978, 43.286083430051804, 50.0114825963974, 47.541186794638634, 48.43614963442087, 51.14926239103079, 45.55368386209011, 64.30653396248817, 50.02823393046856, 50.09343892335892, 51.14259831607342, 54.944431617856026, 49.931837260723114, 47.36277608573437, 46.54452143609524, 51.90545256435871, 52.634040750563145, 43.398891523480415, 51.5069263947662, 48.09305661544204, 51.88714203238487, 54.45723980665207, 52.862999588251114, 47.094216018915176, 48.182136446237564, 53.509209632873535, 44.73418916761875, 45.48495006561279, 54.675708279013634, 49.2154873162508, 44.02150410413742, 52.76933240145445, 55.911644756793976, 56.164752185344696, 55.14019751548767, 56.34753769636154, 50.66794843226671, 64.26616919296794, 49.753331527113914, 68.13464675843716, 61.37334708869457, 68.67295414209366, 66.21061392128468, 68.23342587053776, 67.27803266048431, 56.50137335062027, 62.0068721473217, 48.731774002313614, 59.04777854681015, 69.52939283847809, 61.19411028921604, 69.52861554920673, 62.26530063152313, 67.62819504737854, 54.853495210409164, 63.394858598709106, 63.21993285417557, 72.5977768599987, 76.36473226547241, 69.36977575719357, 74.5017628967762, 68.2752735465765, 87.64404362440109, 79.7740951180458, 79.72989290952682, 78.66160885989666, 85.57091191411018, 72.9511127769947, 85.89739620685577, 68.92944270372391, 69.2919221073389, 95.12550649046898, 88.93486501276493, 105.55364683270454, 105.41350245475769, 105.37383756041527, 94.26522317528725, 75.3998903632164, 89.36002826690674, 105.43524131178856, 105.66284269094467, 79.28107059001923, 77.4991988837719, 104.62104433774948, 104.86648547649384, 106.33717778325081, 105.77081286907196, 105.78527268767357, 105.20008745789528, 106.1204526424408, 105.41566088795662, 88.44681066274643, 105.19863787293434, 105.30186122655869, 105.75935012102127, 105.44415131211281, 104.41551338136196, 105.77340725064278, 104.69602331519127, 77.15145443379879, 105.30777588486671, 68.93732441961765, 105.97730499505997, 105.21868249773979, 105.68657457828522, 102.47550117969513, 105.6439660191536, 105.3424129486084, 105.0859369635582, 105.11597901582718, 105.96849647164345, 105.32251772284508, 105.25453242659569, 105.86886101961136, 105.13436445593834, 105.8319790661335, 104.79970985651016, 104.97494757175446, 106.07384216785431, 106.40844717621803, 105.61546447873116, 105.521658629179, 105.96344301104546, 105.04614767432213, 104.88648036122322, 105.6749133169651, 105.81035685539246, 105.61955741047859, 78.0404516607523, 105.58528485894203, 105.51881992816925, 105.72209760546684, 105.76064109802246, 105.31531408429146, 105.15186166763306, 104.53006947040558, 105.63341376185417, 105.4396442770958, 105.84789258241653, 105.75509852170944, 105.88594210147858, 105.30993735790253, 105.62200325727463, 105.969611287117, 105.68536359071732, 105.95819139480591, 105.97293770313263, 105.19100838899612, 105.38031765818596, 88.95907011628151, 105.63908052444458, 105.32047113776207, 105.1854439675808, 105.32586333155632, 105.33172941207886, 104.58024248480797, 105.58710470795631, 105.05989071726799, 105.96464028954506, 105.19648742675781, 105.18989300727844, 105.64571529626846, 105.28980633616447, 105.94120103120804, 105.13051247596741, 104.32466170191765, 105.06393954157829, 106.33324614167213, 105.79591146111488, 105.20553663372993, 105.93637001514435, 105.7840625345707, 105.32819384336472, 104.42181605100632, 105.92824071645737, 105.11788666248322, 105.11762046813965, 105.41430848836899, 105.80233576893806, 105.83022329211235, 105.80222934484482, 104.18114158511162, 105.60040634870529, 105.07391065359116, 105.29466754198074, 103.33946713805199, 105.3412015736103, 106.31630381941795, 105.64151844382286, 105.71236503124237, 106.09205687046051, 104.49953693151474, 105.24959981441498, 104.89870962500572, 106.01323688030243, 105.42061525583267, 105.32363387942314, 105.89807027578354, 105.43449613451958, 105.47675713896751, 104.71037209033966, 105.67590054869652, 105.128119379282, 105.68816515803337, 105.91615465283394, 105.93811646103859, 105.2984134554863, 105.18966057896614, 106.04254826903343, 106.10149240493774, 104.40429502725601, 105.1941713988781, 105.33572852611542, 105.37084114551544, 104.14496311545372, 105.29782947897911, 105.86073657870293, 105.91897910833359, 105.41285753250122, 105.54330834746361, 105.94868296384811, 105.76201495528221, 105.7370391190052, 105.48297676444054, 105.64248737692833, 105.37305071949959, 105.72986787557602, 104.57254606485367, 105.75881326198578, 105.25232803821564, 105.22625786066055, 105.79368314146996, 105.36393305659294, 104.82116502523422, 104.85787510871887, 105.5232906639576, 105.31785333156586, 105.26240107417107, 105.72873917222023, 105.28257632255554, 104.96157762408257, 106.20969516038895, 105.06734570860863, 105.87391647696495, 105.82835704088211, 104.55267855525017, 106.07146960496902, 105.11846628785133, 105.12668493390083, 105.73531898856163, 105.00585943460464, 105.20624762773514, 105.44421637058258, 105.62642505764961, 105.38103806972504, 105.17050540447235, 105.25960209965706, 105.02582103013992, 105.68863761425018, 105.37996742129326, 105.3394290804863, 105.4460638165474, 105.41776660084724, 105.46274518966675, 105.64731627702713, 104.6183629333973, 105.2792986035347, 104.99161210656166, 105.6850620508194, 105.89131501317024, 105.92850989103317], "episode_delays": [0, 0, 0, 0, 0, 0, 0, 0, 0, 0, 0, 0, 0, 0, 0, 0, 0, 0, 0, 0, 0, 0, 0, 0, 0, 0, 0, 0, 0, 0, 0, 0, 0, 0, 0, 0, 0, 0, 0, 0, 0, 0, 0, 0, 0, 0, 0, 0, 0, 0, 0, 0, 0, 0, 0, 0, 0, 0, 0, 0, 0, 0, 0, 0, 0, 0, 0, 0, 0, 0, 0, 0, 0, 0, 0, 0, 0, 0, 0, 0, 0, 0, 0, 0, 0, 0, 0, 0, 0, 0, 0, 0, 0, 0, 0, 0, 0, 0, 0, 0, 0, 0, 0, 0, 0, 0, 0, 0, 0, 0, 0, 0, 0, 0, 0, 0, 0, 0, 0, 0, 0, 0, 0, 0, 0, 0, 0, 0, 0, 0, 0, 0, 0, 0, 0, 0, 0, 0, 0, 0, 0, 0, 0, 0, 0, 0, 0, 0, 0, 0, 0, 0, 0, 0, 0, 0, 0, 0, 0, 0, 0, 0, 0, 0, 0, 0, 0, 0, 0, 0, 0, 0, 0, 0, 0, 0, 0, 0, 0, 0, 0, 0, 0, 0, 0, 0, 0, 0, 0, 0, 0, 0, 0, 0, 0, 0, 0, 0, 0, 0, 0, 0, 0, 0, 0, 0, 0, 0, 0, 0, 0, 0, 0, 0, 0, 0, 0, 0, 0, 0, 0, 0, 0, 0, 0, 0, 0, 0, 0, 0, 0, 0, 0, 0, 0, 0, 0, 0, 0, 0, 0, 0, 0, 0, 0, 0, 0, 0, 0, 0, 0, 0, 0, 0, 0, 0, 0, 0, 0, 0, 0, 0, 0, 0, 0, 0, 0, 0, 0, 0, 0, 0, 0, 0, 0, 0, 0, 0], "mean_reward": 90.98915790646713, "best_reward": 106.40844717621803}